"Index","File","SourcePath","SizeKB","Modified"
"1","001_CERTIFICATE_-_GAZIE_COMMUTE_TECHNOLOGIES_LTD_1_1_.pdf","C:\Users\pecul\Downloads\CERTIFICATE - GAZIE COMMUTE TECHNOLOGIES LTD (1) (1).pdf","900.1","2026-07-10 18:31:17"
"2","002_CERTIFICATE_-_GAZIE_COMMUTE_TECHNOLOGIES_LTD_1_.pdf","C:\Users\pecul\Downloads\CERTIFICATE - GAZIE COMMUTE TECHNOLOGIES LTD (1).pdf","900.1","2026-06-10 08:33:02"
"3","003_Commute_Service_260524_203921_1_.pdf","C:\Users\pecul\Downloads\Commute Service_260524_203921 (1).pdf","1312.1","2026-05-24 18:56:39"
"4","004_Commute_Service_260524_203921.pdf","C:\Users\pecul\Downloads\Commute Service_260524_203921.pdf","1312.1","2026-05-24 18:55:38"
"5","005_commute_service_proposal_updated.docx","C:\Users\pecul\Downloads\commute_service_proposal_updated.docx","40.5","2026-05-16 19:06:38"
"6","006_commute_service_proposal_v2.docx","C:\Users\pecul\Downloads\commute_service_proposal_v2.docx","32.5","2026-05-16 20:34:46"
"7","007_Gazie_Commute_Investor_Overview.docx","C:\Users\pecul\Downloads\Gazie_Commute_Investor_Overview.docx","40.6","2026-05-29 10:38:31"
"8","008_Gazie_Commute_Letterhead_Template.docx","C:\Users\pecul\Downloads\Gazie_Commute_Letterhead_Template.docx","78.4","2026-07-06 10:14:51"
"9","009_Gazie_Commute_Letterhead_Template.pdf","C:\Users\pecul\Downloads\Gazie_Commute_Letterhead_Template.pdf","60.9","2026-07-06 10:14:47"
"10","010_Gazie_EstateOS_Summarized_Proposal_Newsite_Estate.docx","C:\Users\pecul\Downloads\Gazie_EstateOS_Summarized_Proposal_Newsite_Estate.docx","85","2026-07-06 10:14:45"
"11","011_Gazie_EstateOS_Summarized_Proposal_Newsite_Estate.pdf","C:\Users\pecul\Downloads\Gazie_EstateOS_Summarized_Proposal_Newsite_Estate.pdf","169.4","2026-07-06 10:14:40"
"12","012_gazie-splash-screen_2.svg","C:\Users\pecul\Downloads\gazie-splash-screen 2.svg","41.1","2026-07-10 10:09:28"
"13","013_gazie-splash-screen.svg","C:\Users\pecul\Downloads\gazie-splash-screen.svg","2.6","2026-07-10 10:03:28"
"14","014_Gazie-Verification-Reviewer-Guide.md","C:\Users\pecul\Downloads\Gazie-Verification-Reviewer-Guide.md","6.3","2026-07-20 00:44:25"
"15","015_MERMAT_-_GAZIE_COMMUTE_TECHNOLOGIES_LTD_1_.pdf","C:\Users\pecul\Downloads\MERMAT - GAZIE COMMUTE TECHNOLOGIES LTD (1).pdf","120.2","2026-07-10 18:31:28"
"16","016_MERMAT_-_GAZIE_COMMUTE_TECHNOLOGIES_LTD.pdf","C:\Users\pecul\Downloads\MERMAT - GAZIE COMMUTE TECHNOLOGIES LTD.pdf","120.2","2026-06-10 08:32:50"
"17","017_Status_Report_CAC_-_GAZIE_COMMUTE_TECHNOLOGIES_LTD_1_.pdf","C:\Users\pecul\Downloads\Status Report CAC - GAZIE COMMUTE TECHNOLOGIES LTD (1).pdf","79.5","2026-07-10 18:31:23"
"18","018_Status_Report_CAC_-_GAZIE_COMMUTE_TECHNOLOGIES_LTD.pdf","C:\Users\pecul\Downloads\Status Report CAC - GAZIE COMMUTE TECHNOLOGIES LTD.pdf","79.5","2026-06-10 08:32:55"
"19","019_PILOT_SETUP.md","C:\Users\pecul\OneDrive\Documents\CommuteServicePilot\PILOT_SETUP.md","1.5","2026-06-11 22:37:00"
"20","020_preview-commute-service.png","C:\Users\pecul\OneDrive\Documents\CommuteServicePilot\preview-commute-service.png","56","2026-05-24 20:40:45"
"21","021_gazie-commute-full.png","C:\Users\pecul\OneDrive\Documents\CommuteServicePilot\public\brand\gazie-commute-full.png","212.6","2026-05-25 21:47:07"
"22","022_gazie-commute-icon.png","C:\Users\pecul\OneDrive\Documents\CommuteServicePilot\public\brand\gazie-commute-icon.png","223.1","2026-05-25 21:48:18"
"23","023_gazie-commute-white.png","C:\Users\pecul\OneDrive\Documents\CommuteServicePilot\public\brand\gazie-commute-white.png","25.8","2026-05-25 21:48:08"
"24","024_commute-driver-seats.png","C:\Users\pecul\OneDrive\Documents\CommuteServicePilot\public\images\commute-driver-seats.png","2170.7","2026-05-24 21:07:49"
"25","025_commute-estate-hero.png","C:\Users\pecul\OneDrive\Documents\CommuteServicePilot\public\images\commute-estate-hero.png","2422.8","2026-05-24 21:04:32"
"26","026_commute-verification.png","C:\Users\pecul\OneDrive\Documents\CommuteServicePilot\public\images\commute-verification.png","2166.6","2026-05-24 21:06:55"
"27","027_gazie-commute-logo.png","C:\Users\pecul\OneDrive\Documents\CommuteServicePilot\public\images\gazie-commute-logo.png","191.3","2026-05-25 21:29:06"
"28","028_gazie-commute-mark.png","C:\Users\pecul\OneDrive\Documents\CommuteServicePilot\public\images\gazie-commute-mark.png","103.7","2026-05-25 21:30:48"
"29","029_Blueprint_and_Operational_Roadmap.docx","C:\Users\pecul\OneDrive\Documents\Estate Commute Startup\Blueprint and Operational Roadmap.docx","21.5","2026-05-17 12:20:10"
"30","030_Blueprint_and_Operational_Roadmap.docx.pdf","C:\Users\pecul\OneDrive\Documents\Estate Commute Startup\Blueprint and Operational Roadmap.docx.pdf","250.7","2026-05-17 12:20:46"
"31","031_Gazie_Commute_Investor_Overview.docx","C:\Users\pecul\OneDrive\Documents\Estate Commute Startup\Gazie_Commute_Investor_Overview.docx","33.9","2026-05-29 10:45:56"
"32","032_Gazie_Commute_Investor_Overview.pdf","C:\Users\pecul\OneDrive\Documents\Estate Commute Startup\Gazie_Commute_Investor_Overview.pdf","202.7","2026-05-29 10:46:14"
"33","033_Seed_Capital_Proposal.docx","C:\Users\pecul\OneDrive\Documents\Estate Commute Startup\Seed Capital Proposal.docx","32.5","2026-05-16 20:36:08"
"34","034_Seed_Capital_Proposal.pdf","C:\Users\pecul\OneDrive\Documents\Estate Commute Startup\Seed Capital Proposal.pdf","259.9","2026-05-16 20:36:33"
"35","035_gazie-estate-commute-card.png","C:\Users\pecul\OneDrive\Documents\FixLugbeCommunnity\social-cards\gazie-estate-commute-card.png","84.3","2026-08-28 01:13:14"
"36","036_gazie-get-verified-card.png","C:\Users\pecul\OneDrive\Documents\FixLugbeCommunnity\social-cards\gazie-get-verified-card.png","75.5","2026-08-28 01:13:14"
"37","037_gazie-trusted-routes-card.png","C:\Users\pecul\OneDrive\Documents\FixLugbeCommunnity\social-cards\gazie-trusted-routes-card.png","79.9","2026-08-28 01:13:14"
"38","038_Logos_assest.jpeg","C:\Users\pecul\OneDrive\Documents\FixLugbeRoads Movement\Newsite Commute Rideshare\Logos assest.jpeg","63.8","2026-05-11 22:42:52"
"39","039_README.md","C:\Users\pecul\OneDrive\Documents\Gazie Living\README.md","2.2","2026-05-28 18:31:53"
"40","040_DEPLOYMENT.md","C:\Users\pecul\OneDrive\Documents\GazieApp\DEPLOYMENT.md","4.9","2026-08-25 10:42:21"
"41","041_gazie-driver-benefits-caption.md","C:\Users\pecul\OneDrive\Documents\GazieApp\marketing\instagram\gazie-driver-benefits-caption.md","0.4","2026-08-28 01:13:20"
"42","042_gazie-driver-benefits-square.png","C:\Users\pecul\OneDrive\Documents\GazieApp\marketing\instagram\gazie-driver-benefits-square.png","125.6","2026-08-28 01:13:20"
"43","043_gazie-driver-how-it-works-caption.md","C:\Users\pecul\OneDrive\Documents\GazieApp\marketing\instagram\gazie-driver-how-it-works-caption.md","0.4","2026-08-28 01:13:19"
"44","044_gazie-driver-how-it-works-square.png","C:\Users\pecul\OneDrive\Documents\GazieApp\marketing\instagram\gazie-driver-how-it-works-square.png","124.7","2026-08-28 01:13:19"
"45","045_gazie-driver-launch-caption.md","C:\Users\pecul\OneDrive\Documents\GazieApp\marketing\instagram\gazie-driver-launch-caption.md","0.4","2026-08-28 01:13:18"
"46","046_gazie-driver-launch-square.png","C:\Users\pecul\OneDrive\Documents\GazieApp\marketing\instagram\gazie-driver-launch-square.png","118.7","2026-08-28 01:13:18"
"47","047_gazie-driver-lugbe-routes-caption.md","C:\Users\pecul\OneDrive\Documents\GazieApp\marketing\instagram\gazie-driver-lugbe-routes-caption.md","0.4","2026-08-28 01:13:21"
"48","048_gazie-driver-lugbe-routes-square.png","C:\Users\pecul\OneDrive\Documents\GazieApp\marketing\instagram\gazie-driver-lugbe-routes-square.png","119.8","2026-08-28 01:13:21"
"49","049_gazie-driver-trust-caption.md","C:\Users\pecul\OneDrive\Documents\GazieApp\marketing\instagram\gazie-driver-trust-caption.md","0.4","2026-08-28 01:13:21"
"50","050_gazie-driver-trust-square.png","C:\Users\pecul\OneDrive\Documents\GazieApp\marketing\instagram\gazie-driver-trust-square.png","124.6","2026-08-28 01:13:21"
"51","051_gazie-commute-icon.png","C:\Users\pecul\OneDrive\Documents\GazieApp\public\brand\gazie-commute-icon.png","19.5","2026-07-10 11:25:32"
"52","052_file.svg","C:\Users\pecul\OneDrive\Documents\GazieApp\public\file.svg","0.4","2026-07-05 22:31:56"
"53","053_globe.svg","C:\Users\pecul\OneDrive\Documents\GazieApp\public\globe.svg","1","2026-07-05 22:31:57"
"54","054_next.svg","C:\Users\pecul\OneDrive\Documents\GazieApp\public\next.svg","1.3","2026-07-05 22:31:58"
"55","055_vercel.svg","C:\Users\pecul\OneDrive\Documents\GazieApp\public\vercel.svg","0.1","2026-07-05 22:31:59"
"56","056_window.svg","C:\Users\pecul\OneDrive\Documents\GazieApp\public\window.svg","0.4","2026-07-05 22:31:59"
"57","057_README.md","C:\Users\pecul\OneDrive\Documents\GazieApp\README.md","1.4","2026-07-05 22:31:52"
"58","058_favicon.ico","C:\Users\pecul\OneDrive\Documents\GazieApp\src\app\favicon.ico","25.3","2026-07-05 22:31:45"
"59","059_icon.png","C:\Users\pecul\OneDrive\Documents\GazieApp\src\app\icon.png","19.5","2026-07-10 11:25:32"
"60","060_dashboard-desktop.png","C:\Users\pecul\OneDrive\Pictures\All Gazie\EstateOS\NewsiteEstateOS\dashboard-desktop.png","324.4","2026-06-28 13:04:11"
"61","061_dashboard-mobile.png","C:\Users\pecul\OneDrive\Pictures\All Gazie\EstateOS\NewsiteEstateOS\dashboard-mobile.png","298.1","2026-06-28 13:04:13"
"62","062_README.md","C:\Users\pecul\OneDrive\Pictures\All Gazie\EstateOS\NewsiteEstateOS\README.md","2.1","2026-06-28 12:18:42"
"63","063_commute_service_proposal.docx","C:\Users\pecul\OneDrive\Pictures\commute_service_proposal.docx","41.3","2026-05-16 18:32:44"
"64","064_logo_nobg.jpeg","C:\Users\pecul\OneDrive\Pictures\Gazie Commute Technologies Ltd\Assets\logo nobg.jpeg","44.3","2026-07-10 10:12:46"
"65","065_Public_Notice.png","C:\Users\pecul\OneDrive\Pictures\Gazie Commute Technologies Ltd\Assets\Public Notice.png","1572.7","2026-07-25 22:40:13"
"66","066_EstateOS_Commercial_Proposal.pdf","C:\Users\pecul\OneDrive\Pictures\Gazie Commute Technologies Ltd\EstateOS_Commercial_Proposal.pdf","105.2","2026-08-08 11:00:20"
"67","067_EstateOS_Delpoyment_Proposal.docx","C:\Users\pecul\OneDrive\Pictures\Gazie Commute Technologies Ltd\EstateOS_Delpoyment_Proposal.docx","57.4","2026-08-08 11:10:24"
"68","068_EstateOS_Delpoyment_Proposal.pdf","C:\Users\pecul\OneDrive\Pictures\Gazie Commute Technologies Ltd\EstateOS_Delpoyment_Proposal.pdf","147.7","2026-08-08 11:10:48"
"69","069_Gazie_Commute_Investors_Pitch.pdf","C:\Users\pecul\OneDrive\Pictures\Gazie Commute Technologies Ltd\Gazie Commute Investors Pitch.pdf","203.3","2026-07-07 22:26:25"
"70","070_Investors_Pitch.docx","C:\Users\pecul\OneDrive\Pictures\Gazie Commute Technologies Ltd\Investors Pitch.docx","49.8","2026-07-07 22:26:03"
"71","071_Newsite_EstateOS_Commercial_Proposal.pdf","C:\Users\pecul\OneDrive\Pictures\Gazie Commute Technologies Ltd\Newsite EstateOS Commercial Proposal.pdf","149.3","2026-07-08 10:38:37"
"72","072_Newsite_Commute_flyer.png","C:\Users\pecul\OneDrive\Pictures\Newsite Commute flyer.png","1649.7","2026-05-12 06:58:38"
